,fit_time,score_time,test_accuracy,test_f1
0,0.004384040832519531,0.002396821975708008,0.9175,0.9183572488866898
1,0.003802061080932617,0.0023458003997802734,0.918,0.9196865817825661
2,0.0037550926208496094,0.0023450851440429688,0.9275,0.9288168875797741
3,0.0037908554077148438,0.0023431777954101562,0.9275,0.9284657128761717
4,0.00376129150390625,0.002343893051147461,0.9105,0.9113422486379396
mean,0.0038986682891845705,0.0023549556732177734,0.9202,0.9213337359526284
std,0.00027204293300494247,2.3426126839661284e-05,0.00729383301152419,0.007386898266289606
