,loss,acc,f1
0,0.0010722147375345,89.15,88.97
1,0.0024941181316971,89.8,90.12
2,0.0013540413379669,90.5,90.66
3,0.0026834473311901,89.35,89.6
4,0.0013205283880233,90.15,90.22
mean,0.0017848699852824,89.79,89.91
std,0.0007449124318009,0.56,0.65
