,loss,acc,f1
0,0.001072214737534523,0.8915,0.8896797153024911
1,0.002494118131697178,0.898,0.9011627906976745
2,0.001354041337966919,0.905,0.9065880039331368
3,0.0026834473311901095,0.8935,0.8960468521229868
4,0.0013205283880233765,0.9015,0.9022332506203473
mean,0.0017848699852824209,0.8978999999999999,0.8991421225353273
std,0.0007449124318009932,0.005561025085359736,0.006484542621035592
