,loss,acc,f1
0,0.0019865066111087798,0.888,0.8855975485188968
1,0.0023498819172382353,0.9005,0.9034449296458029
2,0.0024159393310546873,0.906,0.9071146245059288
3,0.0012817370593547822,0.893,0.8947885939036383
4,0.002891318589448929,0.8865,0.886329494241362
mean,0.0021850767016410827,0.8948,0.8954550381631258
std,0.000598892416678932,0.008311137106317054,0.009755435939712809
