,loss,acc,f1
0,0.0016959543675184,93.5,93.49
1,0.001084620848298,93.8,93.86
2,0.0013445180132985,93.35,93.37
3,0.0015035031586885,93.5,93.59
4,0.0014290364980697,94.2,94.18
mean,0.0014115265771746,93.67,93.7
std,0.0002241779204123,0.34,0.33
