,loss,acc,f1
0,0.0023868443518877,0.9025,0.9028400597907326
1,0.0021714927405118,0.9005,0.9020187099950764
2,0.0027382689118385,0.898,0.9007782101167316
3,0.0028648539185523,0.8925,0.8956817079087821
4,0.0024236265569925,0.904,0.9053254437869824
mean,0.0025170172959565603,0.8995000000000001,0.901328826319661
std,0.0002806228062080341,0.0045138675213169605,0.0035681172142744346
