,loss,acc,f1
0,0.002044853374361992,0.9315,0.9315342328835583
1,0.0017304177582263946,0.935,0.9346076458752515
2,0.0015270316153764725,0.9285,0.9293827160493827
3,0.000988496795296669,0.9295,0.9299552906110283
4,0.0009895350411534309,0.929,0.9279918864097363
mean,0.0014560669168829918,0.9307000000000001,0.9306943543657914
std,0.0004645556142058681,0.002659887215654093,0.0025292879295761867
