,loss,acc,f1
0,0.0010693454518914223,0.914,0.9139139139139139
1,0.0012865563184022903,0.9105,0.9108121574489288
2,0.0013296588212251663,0.907,0.9077380952380952
3,0.001391825020313263,0.904,0.9012345679012346
4,0.0009613057300448417,0.9085,0.9077155824508321
mean,0.0012077382683753969,0.9087999999999999,0.9082828633906009
std,0.00018360719352647676,0.0037516662964608124,0.004701146342638871
