,loss,acc,f1
0,0.0009989035353064,92.6,92.62
1,0.0010414514690637,92.65,92.64
2,0.0010918273031711,91.4,91.33
3,0.0009131462499499,91.85,91.91
4,0.0008829494416713,91.6,91.44
mean,0.0009856555998325,92.02,91.99
std,8.713104807133496e-05,0.58,0.63
