,loss,acc,f1
0,0.0010587165355682372,0.9165,0.9162907268170427
1,0.001064999684691429,0.91,0.9080694586312564
2,0.0012213078290224076,0.909,0.9080808080808082
3,0.0011878815889358521,0.9065,0.9081081081081082
4,0.0012081916928291321,0.909,0.9087261785356068
mean,0.0011482194662094116,0.9102,0.9098550560345645
std,7.9762095247113e-05,0.003751666296460808,0.0036083363124144886
