,loss,acc,f1
0,0.0099658936011765,96.9,96.92
1,0.0142971383026815,96.55,96.59
2,0.0076053741646173,96.5,96.51
3,0.0115771563873349,96.55,96.58
4,0.006204998481553,97.0,97.02
mean,0.0099301121874726,96.7,96.72
std,0.0032041313563008,0.23,0.23
