,fit_time,score_time,test_accuracy,test_f1
0,0.00449824333190918,0.0020368099212646484,0.8225,0.8174807197943446
1,0.004383087158203125,0.001954793930053711,0.8625,0.8641975308641976
2,0.004187107086181641,0.0021529197692871094,0.84,0.8375634517766498
3,0.003898143768310547,0.0018398761749267578,0.87,0.8659793814432989
4,0.004026889801025391,0.0017871856689453125,0.825,0.8214285714285714
mean,0.004198694229125976,0.001954317092895508,0.844,0.8413299310614125
std,0.0002468359881403142,0.00014771421203888375,0.021549361939509966,0.022964961813428303
