,loss,acc,f1
0,0.0243431003799196,97.25,97.31
1,0.0418385670718271,96.25,96.3
mean,0.03309083372587335,96.75,96.8
std,0.00874773334595375,0.5,0.51
