,loss,acc,f1
0,0.0019690966606140136,0.84,0.8497652582159625
1,0.003944413661956787,0.8475,0.8439897698209717
2,0.0027514480054378508,0.83,0.8191489361702129
3,0.0035608088970184326,0.865,0.8669950738916256
4,0.0024908161163330078,0.88,0.8846153846153846
mean,0.002943316668272018,0.8525,0.8529028845428315
std,0.0008022105085217562,0.020000000000000014,0.024662166395348566
