,loss,acc,f1
0,0.0011209942772984504,0.91,0.912621359223301
1,0.00153399545699358,0.9125,0.9148418491484186
2,0.0014266495034098625,0.8925,0.8943488943488944
3,0.0031091101467609406,0.8775,0.8746803069053708
4,0.002962215542793274,0.9,0.8994974874371859
mean,0.0020305929854512214,0.8985,0.8991979794126342
std,0.0009313761996679685,0.014208272238382847,0.016199053846113844
