,loss,acc,f1
0,0.0036270202696323394,0.8,0.7979797979797979
1,0.002912134975194931,0.78,0.7671957671957672
2,0.0033293144404888154,0.8075,0.815347721822542
3,0.00252105712890625,0.8075,0.8117359413202934
4,0.003090146854519844,0.81,0.820754716981132
mean,0.003095934733748436,0.8010000000000002,0.8026027890599066
std,0.0004185743796754343,0.012323757543866234,0.021507960807613056
