,loss,acc,f1
0,0.0085997179150581,66.0,66.17
1,0.0102932107448577,60.0,59.8
2,0.0095004078745841,62.25,63.08
3,0.0091752710938453,64.25,65.21
4,0.0081944817304611,64.25,63.8
mean,0.0091526178717613,63.35,63.61
std,0.0008133490001347,2.3,2.45
