,loss,acc,f1
0,0.008599717915058137,0.66,0.6616915422885572
1,0.010293210744857789,0.6,0.5979899497487438
2,0.009500407874584197,0.6225,0.6308068459657702
3,0.009175271093845368,0.6425,0.6520681265206812
4,0.00819448173046112,0.6425,0.6379746835443039
mean,0.009152617871761321,0.6335,0.6361062296136113
std,0.0008133490001347517,0.022953757862276065,0.0244633182306781
