,loss,acc,f1
0,0.001969096660614,84.0,84.98
1,0.0039444136619567,84.75,84.4
2,0.0027514480054378,83.0,81.91
3,0.0035608088970184,86.5,86.7
4,0.002490816116333,88.0,88.46
mean,0.002943316668272,85.25,85.29
std,0.0008022105085217,2.0,2.47
