,loss,acc,f1
0,0.017527825594879688,0.92,0.918781725888325
1,0.014466047855094075,0.925,0.925
2,0.013857446130132303,0.9275,0.9269521410579346
3,0.02334464935644064,0.9125,0.9135802469135802
4,0.014468741253949702,0.9175,0.9185185185185186
mean,0.01673294203809928,0.9205,0.9205665264756717
std,0.0039648582785791284,0.0059686681931566754,0.005399530371545784
