,loss,acc,f1
0,0.04399332381878048,0.951,0.9521951219512196
1,0.03353156358422711,0.956,0.9566074950690335
mean,0.03876244370150379,0.9535,0.9544013085101266
std,0.0073975816050004545,0.0035355339059327407,0.0031200189527314736
