,loss,acc,f1
0,0.0439933238187804,95.1,95.22
1,0.0335315635842271,95.6,95.66
mean,0.0387624437015037,95.35,95.44
std,0.0073975816050004,0.35,0.31
