,loss,acc,f1
0,0.001997256949543953,0.805,0.8030303030303031
1,0.0021142753958702087,0.815,0.8212560386473431
2,0.0020271725952625275,0.8125,0.8175182481751825
3,0.0022788434475660324,0.805,0.7925531914893618
4,0.0021746238321065903,0.8,0.7959183673469388
mean,0.0021184344440698622,0.8075000000000001,0.8060552297378258
std,0.00011392794174368841,0.006123724356957905,0.012812850783290669
