,loss,acc,f1
0,0.001433107815682888,0.875,0.8815165876777251
1,0.0015844304859638214,0.8675,0.8729016786570744
2,0.0016564880311489105,0.85,0.85
3,0.001998847723007202,0.8525,0.8491048593350383
4,0.0015388952940702438,0.885,0.8878048780487805
mean,0.0016423538699746134,0.866,0.8682656007437236
std,0.00021513388177028244,0.01485345077751295,0.01788596805185054
