,loss,acc,f1
0,0.0018273831158876,85.75,85.86
1,0.0021511835604906,80.25,79.59
2,0.0022182966768741,80.75,79.47
3,0.0018998741358518,84.25,84.52
4,0.0018705908209085,84.75,84.94
mean,0.0019934656620025,83.15,82.87
std,0.0001780905199728,2.48,3.09
