,loss,acc,f1
0,0.041548261386487866,0.94,0.94
1,0.03300268693794351,0.955,0.9556650246305418
2,0.027477445501426702,0.9525,0.9518987341772152
3,0.03059468096784258,0.95,0.9509803921568627
4,0.014689985394943506,0.965,0.965
mean,0.02946261203772883,0.9525,0.952708830192924
std,0.009773024284309376,0.009013878188659981,0.009013462975614967
