,loss,acc,f1
0,0.025735629394766875,0.9475,0.9486552567237163
1,0.01578378061298281,0.9575,0.9569620253164557
2,0.016863614347530528,0.9525,0.9514066496163682
3,0.022009159647859634,0.9475,0.9478908188585607
4,0.021729170746984893,0.945,0.9447236180904524
mean,0.02042427095002495,0.95,0.9499276737211106
std,0.0040815925262766665,0.005000000000000018,0.004596724100351895
