,loss,acc,f1
0,0.021004744751844554,0.96,0.9593908629441624
1,0.02415235889275209,0.95,0.9500000000000001
2,0.014913383721286665,0.97,0.9693877551020408
3,0.020667089621711057,0.955,0.955
4,0.030562360029434785,0.95,0.9487179487179489
mean,0.02225998740340583,0.9570000000000001,0.9564993133528304
std,0.00571393043785272,0.008366600265340763,0.008359300807052591
