,loss,acc,f1
0,0.0310917228623293,96.5,96.46
1,0.0218256914347875,96.75,96.76
mean,0.0264587071485584,96.62,96.61
std,0.004633015713770901,0.13,0.15
