,loss,acc,f1
0,0.0021285998076200486,0.795,0.7939698492462312
1,0.003099333941936493,0.845,0.845771144278607
2,0.0023810241371393205,0.84,0.8423645320197045
3,0.0036566674709320067,0.8275,0.8312958435207823
4,0.0033416011929512024,0.845,0.8465346534653465
mean,0.0029214453101158145,0.8305,0.8319872045061343
std,0.0006460236048312207,0.02109502310972896,0.02210832125109058
