,loss,acc,f1
0,0.001656951084733,91.0,90.91
1,0.001465623229742,89.75,89.57
2,0.0014640309661626,88.75,88.25
3,0.0033685716986656,87.75,87.96
4,0.0024646666646003,91.75,91.77
mean,0.0020839687287807,89.8,89.69
std,0.0008282743752229,1.62,1.65
