,loss,acc,f1
0,0.0032142859697341917,0.775,0.7887323943661971
1,0.0037495179474353792,0.73,0.6804733727810651
2,0.003900550156831741,0.7975,0.8048192771084337
3,0.004469399601221085,0.7825,0.8009153318077802
4,0.0029621192812919615,0.8475,0.8544152744630072
mean,0.0036591745913028715,0.7865,0.7858711301052967
std,0.0005930220575881477,0.04237481563381723,0.06403228499670396
