,loss,acc,f1
0,0.0071690070629119,67.5,67.82
1,0.0057572001218795,60.5,61.08
2,0.0054939125478267,62.0,63.29
3,0.0114849606156349,62.25,60.57
4,0.0074402010440826,60.75,56.02
mean,0.0074690562784671,62.6,61.76
std,0.002400520467478,2.84,4.3
