,loss,acc,f1
0,0.0067366328835487,0.6325,0.631578947368421
1,0.0074612814188003,0.63,0.6782608695652174
2,0.0069667467474937,0.6475,0.6375321336760925
3,0.0042259353399276,0.655,0.6532663316582915
4,0.0053627282381057,0.6825,0.6701298701298701
mean,0.0061506649255752,0.6495,0.6541536304795785
std,0.0013278263988073422,0.021168963130016556,0.02014371479178701
