,loss,acc,f1
0,0.003925748765468597,0.8475,0.8493827160493828
1,0.0045703756809234615,0.795,0.7980295566502462
2,0.003697965145111084,0.84,0.8279569892473118
3,0.0027382156252861024,0.825,0.8267326732673267
4,0.0037335599213838577,0.8475,0.8551068883610451
mean,0.003733173027634621,0.8310000000000001,0.8314417647150625
std,0.0006574902422551325,0.022121821805628935,0.022542241803170566
