,loss,acc,f1
0,0.01626874554902315,0.8675,0.8729016786570744
1,0.012691586501896382,0.88,0.8851674641148326
2,0.017251179032027723,0.8725,0.8708860759493672
3,0.011897376496344805,0.865,0.8701923076923077
4,0.015288070291280747,0.86,0.8679245283018867
mean,0.014679391574114561,0.8690000000000001,0.8734144109430938
std,0.0023022599475864378,0.007623975340988464,0.0068064379793747855
