,loss,acc,f1
0,0.0424326482271521,95.5,95.43
1,0.0299594994680467,95.95,96.0
mean,0.0361960738475994,95.73,95.71
std,0.0062365743795527,0.22,0.29
