,loss,acc,f1
0,0.0016827052831649,87.5,87.98
1,0.0018195922672748,83.5,84.13
2,0.0017672409117221,85.25,84.99
3,0.0019351387768983,84.5,84.42
4,0.0017096088081598,86.5,86.15
mean,0.001782857209444,85.45,85.54
std,0.0001002231830002,1.59,1.57
