,loss,acc,f1
0,0.0019390898197889329,0.8325,0.8337468982630273
1,0.002243012636899948,0.775,0.7857142857142856
2,0.00223953053355217,0.7875,0.7961630695443644
3,0.0023334558308124543,0.7975,0.7851458885941645
4,0.002194190099835396,0.8225,0.8211586901763224
mean,0.00218985578417778,0.8029999999999999,0.8043857664584328
std,0.00014901053679044292,0.024005207768315613,0.021964840477707574
