,loss,acc,f1
0,0.0019390898197889,83.25,83.37
1,0.0022430126368999,77.5,78.57
2,0.0022395305335521,78.75,79.62
3,0.0023334558308124,79.75,78.51
4,0.0021941900998353,82.25,82.12
mean,0.0021898557841777,80.3,80.44
std,0.0001490105367904,2.4,2.2
