,loss,acc,f1
0,0.026139824936981314,0.94,0.9425837320574162
1,0.03459402901629801,0.94,0.94
2,0.030384776997525478,0.95,0.9507389162561576
3,0.02661633899435401,0.9425,0.9440389294403893
4,0.030003601789358073,0.93,0.9292929292929293
mean,0.029547714346903377,0.9404999999999999,0.9413309014093784
std,0.003412494346940179,0.007158910531638146,0.007811815010682743
