,loss,acc,f1
0,0.0284593945724191,94.0,94.09
1,0.0234446060331538,94.25,94.09
2,0.0341082160669611,94.25,94.03
3,0.0223445395987073,96.0,96.0
4,0.0275159302038082,94.75,94.68
mean,0.0271745372950099,94.65,94.58
std,0.0046659557868285,0.8,0.84
