,loss,acc,f1
0,0.0325566148897632,91.75,91.69
1,0.035178945728112,90.5,90.78
2,0.0339034680696204,90.25,90.42
3,0.0290995968598872,92.0,92.0
4,0.043903156818269,92.75,92.87
mean,0.0349283564731304,91.45,91.55
std,0.0055059020427335,1.05,0.98
